Image name,index
000720.png,720
000721.png,721
000722.png,722
000723.png,723
000724.png,724
000725.png,725
000726.png,726
000727.png,727
000728.png,728
000729.png,729
000730.png,730
000731.png,731
000732.png,732
000733.png,733
000734.png,734
000735.png,735
000736.png,736
000737.png,737
000738.png,738
000739.png,739
000740.png,740
000741.png,741
000742.png,742
000743.png,743
000744.png,744
000745.png,745
000746.png,746
000747.png,747
000748.png,748
000749.png,749
000750.png,750
000751.png,751
000752.png,752
000753.png,753
000754.png,754
000755.png,755
000756.png,756
000757.png,757
000758.png,758
000759.png,759
000760.png,760
000761.png,761
000762.png,762
000763.png,763
000764.png,764
000765.png,765
000766.png,766
000767.png,767
000768.png,768
000769.png,769
000770.png,770
000771.png,771
000772.png,772
000773.png,773
000774.png,774
000775.png,775
000776.png,776
000777.png,777
000778.png,778
000779.png,779
000780.png,780
000781.png,781
000782.png,782
000783.png,783
000784.png,784
000785.png,785
000786.png,786
000787.png,787
000788.png,788
000789.png,789
000790.png,790
000791.png,791
000792.png,792
000793.png,793
000794.png,794
000795.png,795
000796.png,796
000797.png,797
000798.png,798
000799.png,799
000800.png,800
000801.png,801
000802.png,802
000803.png,803
000804.png,804
000805.png,805
000806.png,806
000807.png,807
000808.png,808
000809.png,809
000810.png,810
000811.png,811
000812.png,812
000813.png,813
000814.png,814
000815.png,815
000816.png,816
000817.png,817
000818.png,818
000819.png,819
000820.png,820
000821.png,821
000822.png,822
000823.png,823
000824.png,824
000825.png,825
000826.png,826
000827.png,827
000828.png,828
000829.png,829
000830.png,830
000831.png,831
000832.png,832
000833.png,833
000834.png,834
000835.png,835
000836.png,836
000837.png,837
000838.png,838
000839.png,839
000840.png,840
000841.png,841
000842.png,842
000843.png,843
000844.png,844
000845.png,845
000846.png,846
000847.png,847
000848.png,848
000849.png,849
000850.png,850
000851.png,851
000852.png,852
000853.png,853
000854.png,854
000855.png,855
000856.png,856
000857.png,857
000858.png,858
000859.png,859
000860.png,860
000861.png,861
000862.png,862
000863.png,863
000864.png,864
000865.png,865
000866.png,866
000867.png,867
000868.png,868
000869.png,869
000870.png,870
000871.png,871
000872.png,872
000873.png,873
000874.png,874
000875.png,875
000876.png,876
000877.png,877
000878.png,878
000879.png,879
000880.png,880
000881.png,881
000882.png,882
000883.png,883
000884.png,884
000885.png,885
000886.png,886
000887.png,887
000888.png,888
000889.png,889
000890.png,890
000891.png,891
000892.png,892
000893.png,893
000894.png,894
000895.png,895
000896.png,896
000897.png,897
000898.png,898
000899.png,899
000900.png,900
000901.png,901
000902.png,902
000903.png,903
000904.png,904
000905.png,905
000906.png,906
000907.png,907
000908.png,908
000909.png,909
000910.png,910
000911.png,911
000912.png,912
000913.png,913
000914.png,914
000915.png,915
000916.png,916
000917.png,917
000918.png,918
000919.png,919
000920.png,920
000921.png,921
000922.png,922
000923.png,923
000924.png,924
000925.png,925
000926.png,926
000927.png,927
000928.png,928
000929.png,929
000930.png,930
000931.png,931
000932.png,932
000933.png,933
000934.png,934
000935.png,935
000936.png,936
000937.png,937
000938.png,938
000939.png,939
000940.png,940
000941.png,941
000942.png,942
000943.png,943
000944.png,944
000945.png,945
000946.png,946
000947.png,947
000948.png,948
000949.png,949
000950.png,950
000951.png,951
000952.png,952
000953.png,953
000954.png,954
000955.png,955
000956.png,956
000957.png,957
000958.png,958
000959.png,959
000960.png,960
000961.png,961
000962.png,962
000963.png,963
000964.png,964
000965.png,965
000966.png,966
000967.png,967
000968.png,968
000969.png,969
000970.png,970
000971.png,971
000972.png,972
000973.png,973
000974.png,974
000975.png,975
000976.png,976
000977.png,977
000978.png,978
000979.png,979
000980.png,980
000981.png,981
000982.png,982
000983.png,983
000984.png,984
000985.png,985
000986.png,986
000987.png,987
000988.png,988
000989.png,989
000990.png,990
000991.png,991
000992.png,992
000993.png,993
000994.png,994
000995.png,995
000996.png,996
000997.png,997
000998.png,998
000999.png,999
001000.png,1000
001001.png,1001
001002.png,1002
001003.png,1003
001004.png,1004
001005.png,1005
001006.png,1006
001007.png,1007
001008.png,1008
001009.png,1009
001010.png,1010
001011.png,1011
001012.png,1012
001013.png,1013
001014.png,1014
001015.png,1015
001016.png,1016
001017.png,1017
001018.png,1018
001019.png,1019
001020.png,1020
001021.png,1021
001022.png,1022
001023.png,1023
001024.png,1024
001025.png,1025
001026.png,1026
001027.png,1027
001028.png,1028
001029.png,1029
001030.png,1030
001031.png,1031
001032.png,1032
001033.png,1033
001034.png,1034
001035.png,1035
001036.png,1036
001037.png,1037
001038.png,1038
001039.png,1039
001040.png,1040
001041.png,1041
001042.png,1042
001043.png,1043
001044.png,1044
001045.png,1045
001046.png,1046
001047.png,1047
001048.png,1048
001049.png,1049
001050.png,1050
001051.png,1051
001052.png,1052
001053.png,1053
001054.png,1054
001055.png,1055
001056.png,1056
001057.png,1057
001058.png,1058
001059.png,1059
001060.png,1060
001061.png,1061
001062.png,1062
001063.png,1063
001064.png,1064
001065.png,1065
001066.png,1066
001067.png,1067
001068.png,1068
001069.png,1069
001070.png,1070
001071.png,1071
001072.png,1072
001073.png,1073
001074.png,1074
001075.png,1075
001076.png,1076
001077.png,1077
001078.png,1078
001079.png,1079
001080.png,1080
001081.png,1081
001082.png,1082
001083.png,1083
001084.png,1084
001085.png,1085
001086.png,1086
001087.png,1087
001088.png,1088
001089.png,1089
001090.png,1090
001091.png,1091
001092.png,1092
001093.png,1093
001094.png,1094
001095.png,1095
001096.png,1096
001097.png,1097
001098.png,1098
001099.png,1099
001100.png,1100
001101.png,1101
001102.png,1102
001103.png,1103
001104.png,1104
001105.png,1105
001106.png,1106
001107.png,1107
001108.png,1108
001109.png,1109
001110.png,1110
001111.png,1111
001112.png,1112
001113.png,1113
001114.png,1114
001115.png,1115
001116.png,1116
001117.png,1117
001118.png,1118
001119.png,1119
001120.png,1120
001121.png,1121
001122.png,1122
001123.png,1123
001124.png,1124
001125.png,1125
001126.png,1126
001127.png,1127
001128.png,1128
001129.png,1129
001130.png,1130
001131.png,1131
001132.png,1132
001133.png,1133
001134.png,1134
001135.png,1135
001136.png,1136
001137.png,1137
001138.png,1138
001139.png,1139
001140.png,1140
001141.png,1141
001142.png,1142
001143.png,1143
001144.png,1144
001145.png,1145
001146.png,1146
001147.png,1147
001148.png,1148
001149.png,1149
001150.png,1150
001151.png,1151
001152.png,1152
001153.png,1153
001154.png,1154
001155.png,1155
001156.png,1156
001157.png,1157
001158.png,1158
001159.png,1159
001160.png,1160
001161.png,1161
001162.png,1162
001163.png,1163
001164.png,1164
001165.png,1165
001166.png,1166
001167.png,1167
001168.png,1168
001169.png,1169
001170.png,1170
001171.png,1171
001172.png,1172
001173.png,1173
001174.png,1174
001175.png,1175
001176.png,1176
001177.png,1177
001178.png,1178
001179.png,1179
001180.png,1180
001181.png,1181
001182.png,1182
001183.png,1183
001184.png,1184
001185.png,1185
001186.png,1186
001187.png,1187
001188.png,1188
001189.png,1189
001190.png,1190
001191.png,1191
001192.png,1192
001193.png,1193
001194.png,1194
001195.png,1195
001196.png,1196
001197.png,1197
001198.png,1198
001199.png,1199
001200.png,1200
001201.png,1201
001202.png,1202
001203.png,1203
001204.png,1204
001205.png,1205
001206.png,1206
001207.png,1207
001208.png,1208
001209.png,1209
001210.png,1210
001211.png,1211
001212.png,1212
001213.png,1213
001214.png,1214
001215.png,1215
001216.png,1216
001217.png,1217
001218.png,1218
001219.png,1219
001220.png,1220
001221.png,1221
001222.png,1222
001223.png,1223
001224.png,1224
001225.png,1225
001226.png,1226
001227.png,1227
001228.png,1228
001229.png,1229
001230.png,1230
001231.png,1231
001232.png,1232
001233.png,1233
001234.png,1234
001235.png,1235
001236.png,1236
001237.png,1237
001238.png,1238
001239.png,1239
001240.png,1240
001241.png,1241
001242.png,1242
001243.png,1243
001244.png,1244
001245.png,1245
001246.png,1246
001247.png,1247
001248.png,1248
001249.png,1249
001250.png,1250
001251.png,1251
001252.png,1252
001253.png,1253
001254.png,1254
001255.png,1255
001256.png,1256
001257.png,1257
001258.png,1258
001259.png,1259
001260.png,1260
001261.png,1261
001262.png,1262
001263.png,1263
001264.png,1264
001265.png,1265
001266.png,1266
001267.png,1267
001268.png,1268
001269.png,1269
001270.png,1270
001271.png,1271
001272.png,1272
001273.png,1273
001274.png,1274
001275.png,1275
001276.png,1276
001277.png,1277
001278.png,1278
001279.png,1279
001280.png,1280
001281.png,1281
001282.png,1282
001283.png,1283
001284.png,1284
001285.png,1285
001286.png,1286
001287.png,1287
001288.png,1288
001289.png,1289
001290.png,1290
001291.png,1291
001292.png,1292
001293.png,1293
001294.png,1294
001295.png,1295
001296.png,1296
001297.png,1297
001298.png,1298
001299.png,1299
001300.png,1300
001301.png,1301
001302.png,1302
001303.png,1303
001304.png,1304
001305.png,1305
001306.png,1306
001307.png,1307
001308.png,1308
001309.png,1309
001310.png,1310
001311.png,1311
001312.png,1312
001313.png,1313
001314.png,1314
001315.png,1315
001316.png,1316
001317.png,1317
001318.png,1318
001319.png,1319
001320.png,1320
001321.png,1321
001322.png,1322
001323.png,1323
001324.png,1324
001325.png,1325
001326.png,1326
001327.png,1327
001328.png,1328
001329.png,1329
001330.png,1330
001331.png,1331
001332.png,1332
001333.png,1333
001334.png,1334
001335.png,1335
001336.png,1336
001337.png,1337
001338.png,1338
001339.png,1339
001340.png,1340
001341.png,1341
001342.png,1342
001343.png,1343
001344.png,1344
001345.png,1345
001346.png,1346
001347.png,1347
001348.png,1348
001349.png,1349
001350.png,1350
001351.png,1351
001352.png,1352
001353.png,1353
001354.png,1354
001355.png,1355
001356.png,1356
001357.png,1357
001358.png,1358
001359.png,1359
001360.png,1360
001361.png,1361
001362.png,1362
001363.png,1363
001364.png,1364
001365.png,1365
001366.png,1366
001367.png,1367
001368.png,1368
001369.png,1369
001370.png,1370
001371.png,1371
001372.png,1372
001373.png,1373
001374.png,1374
001375.png,1375
001376.png,1376
001377.png,1377
001378.png,1378
001379.png,1379
001380.png,1380
001381.png,1381
001382.png,1382
001383.png,1383
001384.png,1384
001385.png,1385
001386.png,1386
001387.png,1387
001388.png,1388
001389.png,1389
001390.png,1390
001391.png,1391
001392.png,1392
001393.png,1393
001394.png,1394
001395.png,1395
001396.png,1396
001397.png,1397
001398.png,1398
001399.png,1399
001400.png,1400
001401.png,1401
001402.png,1402
001403.png,1403
001404.png,1404
001405.png,1405
001406.png,1406
001407.png,1407
001408.png,1408
001409.png,1409
001410.png,1410
001411.png,1411
001412.png,1412
001413.png,1413
001414.png,1414
001415.png,1415
001416.png,1416
001417.png,1417
001418.png,1418
001419.png,1419
001420.png,1420
001421.png,1421
001422.png,1422
001423.png,1423
001424.png,1424
001425.png,1425
001426.png,1426
001427.png,1427
001428.png,1428
001429.png,1429
001430.png,1430
001431.png,1431
001432.png,1432
001433.png,1433
001434.png,1434
001435.png,1435
001436.png,1436
001437.png,1437
001438.png,1438
001439.png,1439
001440.png,1440
001441.png,1441
001442.png,1442
001443.png,1443
001444.png,1444
001445.png,1445
001446.png,1446
001447.png,1447
001448.png,1448
001449.png,1449
001450.png,1450
001451.png,1451
001452.png,1452
001453.png,1453
001454.png,1454
001455.png,1455
001456.png,1456
001457.png,1457
001458.png,1458
001459.png,1459
001460.png,1460
001461.png,1461
001462.png,1462
001463.png,1463
001464.png,1464
001465.png,1465
001466.png,1466
001467.png,1467
001468.png,1468
001469.png,1469
001470.png,1470
001471.png,1471
001472.png,1472
001473.png,1473
001474.png,1474
001475.png,1475
001476.png,1476
001477.png,1477
001478.png,1478
001479.png,1479
001480.png,1480
001481.png,1481
001482.png,1482
001483.png,1483
001484.png,1484
001485.png,1485
001486.png,1486
001487.png,1487
001488.png,1488
001489.png,1489
001490.png,1490
001491.png,1491
001492.png,1492
001493.png,1493
001494.png,1494
001495.png,1495
001496.png,1496
001497.png,1497
001498.png,1498
001499.png,1499
001500.png,1500
001501.png,1501
001502.png,1502
001503.png,1503
001504.png,1504
001505.png,1505
001506.png,1506
001507.png,1507
001508.png,1508
001509.png,1509
001510.png,1510
001511.png,1511
001512.png,1512
001513.png,1513
001514.png,1514
001515.png,1515
001516.png,1516
001517.png,1517
001518.png,1518
001519.png,1519
001520.png,1520
001521.png,1521
001522.png,1522
001523.png,1523
001524.png,1524
001525.png,1525
001526.png,1526
001527.png,1527
001528.png,1528
001529.png,1529
001530.png,1530
001531.png,1531
001532.png,1532
001533.png,1533
001534.png,1534
001535.png,1535
001536.png,1536
001537.png,1537
001538.png,1538
001539.png,1539
001540.png,1540
001541.png,1541
001542.png,1542
001543.png,1543
001544.png,1544
001545.png,1545
001546.png,1546
001547.png,1547
001548.png,1548
001549.png,1549
001550.png,1550
001551.png,1551
001552.png,1552
001553.png,1553
001554.png,1554
001555.png,1555
001556.png,1556
001557.png,1557
001558.png,1558
001559.png,1559
001560.png,1560
001561.png,1561
001562.png,1562
001563.png,1563
001564.png,1564
001565.png,1565
001566.png,1566
001567.png,1567
001568.png,1568
001569.png,1569
001570.png,1570
001571.png,1571
001572.png,1572
001573.png,1573
001574.png,1574
001575.png,1575
001576.png,1576
001577.png,1577
001578.png,1578
001579.png,1579
001580.png,1580
001581.png,1581
001582.png,1582
001583.png,1583
001584.png,1584
001585.png,1585
001586.png,1586
001587.png,1587
001588.png,1588
001589.png,1589
001590.png,1590
001591.png,1591
001592.png,1592
001593.png,1593
001594.png,1594
001595.png,1595
001596.png,1596
001597.png,1597
001598.png,1598
001599.png,1599
001600.png,1600
001601.png,1601
001602.png,1602
001603.png,1603
001604.png,1604
001605.png,1605
001606.png,1606
001607.png,1607
001608.png,1608
001609.png,1609
001610.png,1610
001611.png,1611
001612.png,1612
001613.png,1613
001614.png,1614
001615.png,1615
001616.png,1616
001617.png,1617
001618.png,1618
001619.png,1619
001620.png,1620
001621.png,1621
001622.png,1622
001623.png,1623
001624.png,1624
001625.png,1625
001626.png,1626
001627.png,1627
001628.png,1628
001629.png,1629
001630.png,1630
001631.png,1631
001632.png,1632
001633.png,1633
001634.png,1634
001635.png,1635
001636.png,1636
001637.png,1637
001638.png,1638
001639.png,1639
001640.png,1640
001641.png,1641
001642.png,1642
001643.png,1643
001644.png,1644
001645.png,1645
001646.png,1646
001647.png,1647
001648.png,1648
001649.png,1649
001650.png,1650
001651.png,1651
001652.png,1652
001653.png,1653
001654.png,1654
001655.png,1655
001656.png,1656
001657.png,1657
001658.png,1658
001659.png,1659
001660.png,1660
001661.png,1661
001662.png,1662
001663.png,1663
001664.png,1664
001665.png,1665
001666.png,1666
001667.png,1667
001668.png,1668
001669.png,1669
001670.png,1670
001671.png,1671
001672.png,1672
001673.png,1673
001674.png,1674
001675.png,1675
001676.png,1676
001677.png,1677
001678.png,1678
001679.png,1679
001680.png,1680
001681.png,1681
001682.png,1682
001683.png,1683
001684.png,1684
001685.png,1685
001686.png,1686
001687.png,1687
001688.png,1688
001689.png,1689
001690.png,1690
001691.png,1691
001692.png,1692
001693.png,1693
001694.png,1694
001695.png,1695
001696.png,1696
001697.png,1697
001698.png,1698
001699.png,1699
001700.png,1700
001701.png,1701
001702.png,1702
001703.png,1703
001704.png,1704
001705.png,1705
001706.png,1706
001707.png,1707
001708.png,1708
001709.png,1709
001710.png,1710
001711.png,1711
001712.png,1712
001713.png,1713
001714.png,1714
001715.png,1715
001716.png,1716
001717.png,1717
001718.png,1718
001719.png,1719
001720.png,1720
001721.png,1721
001722.png,1722
001723.png,1723
001724.png,1724
001725.png,1725
001726.png,1726
001727.png,1727
001728.png,1728
001729.png,1729
001730.png,1730
001731.png,1731
001732.png,1732
001733.png,1733
001734.png,1734
001735.png,1735
001736.png,1736
001737.png,1737
001738.png,1738
001739.png,1739
001740.png,1740
001741.png,1741
001742.png,1742
001743.png,1743
001744.png,1744
001745.png,1745
001746.png,1746
001747.png,1747
001748.png,1748
001749.png,1749
001750.png,1750
001751.png,1751
001752.png,1752
001753.png,1753
001754.png,1754
001755.png,1755
001756.png,1756
001757.png,1757
001758.png,1758
001759.png,1759
001760.png,1760
001761.png,1761
001762.png,1762
001763.png,1763
001764.png,1764
001765.png,1765
001766.png,1766
001767.png,1767
001768.png,1768
001769.png,1769
001770.png,1770
001771.png,1771
001772.png,1772
001773.png,1773
001774.png,1774
001775.png,1775
001776.png,1776
001777.png,1777
001778.png,1778
001779.png,1779
001780.png,1780
001781.png,1781
001782.png,1782
001783.png,1783
001784.png,1784
001785.png,1785
001786.png,1786
001787.png,1787
001788.png,1788
001789.png,1789
001790.png,1790
001791.png,1791
001792.png,1792
001793.png,1793
001794.png,1794
001795.png,1795
001796.png,1796
001797.png,1797
001798.png,1798
001799.png,1799
001800.png,1800
001801.png,1801
001802.png,1802
001803.png,1803
001804.png,1804
001805.png,1805
001806.png,1806
001807.png,1807
001808.png,1808
001809.png,1809
001810.png,1810
001811.png,1811
001812.png,1812
001813.png,1813
001814.png,1814
001815.png,1815
001816.png,1816
001817.png,1817
001818.png,1818
001819.png,1819
001820.png,1820
001821.png,1821
001822.png,1822
001823.png,1823
001824.png,1824
001825.png,1825
001826.png,1826
001827.png,1827
001828.png,1828
001829.png,1829
001830.png,1830
001831.png,1831
001832.png,1832
001833.png,1833
001834.png,1834
001835.png,1835
001836.png,1836
001837.png,1837
001838.png,1838
001839.png,1839
001840.png,1840
001841.png,1841
001842.png,1842
001843.png,1843
001844.png,1844
001845.png,1845
001846.png,1846
001847.png,1847
001848.png,1848
001849.png,1849
001850.png,1850
001851.png,1851
001852.png,1852
001853.png,1853
001854.png,1854
001855.png,1855
001856.png,1856
001857.png,1857
001858.png,1858
001859.png,1859
001860.png,1860
001861.png,1861
001862.png,1862
001863.png,1863
001864.png,1864
001865.png,1865
001866.png,1866
001867.png,1867
001868.png,1868
001869.png,1869
001870.png,1870
001871.png,1871
001872.png,1872
001873.png,1873
001874.png,1874
001875.png,1875
001876.png,1876
001877.png,1877
001878.png,1878
001879.png,1879
001880.png,1880
001881.png,1881
001882.png,1882
001883.png,1883
001884.png,1884
001885.png,1885
001886.png,1886
001887.png,1887
001888.png,1888
001889.png,1889
001890.png,1890
001891.png,1891
001892.png,1892
001893.png,1893
001894.png,1894
001895.png,1895
001896.png,1896
001897.png,1897
001898.png,1898
001899.png,1899
001900.png,1900
001901.png,1901
001902.png,1902
001903.png,1903
001904.png,1904
001905.png,1905
001906.png,1906
001907.png,1907
001908.png,1908
001909.png,1909
001910.png,1910
001911.png,1911
001912.png,1912
001913.png,1913
001914.png,1914
001915.png,1915
001916.png,1916
001917.png,1917
001918.png,1918
001919.png,1919
001920.png,1920
001921.png,1921
001922.png,1922
001923.png,1923
001924.png,1924
001925.png,1925
001926.png,1926
001927.png,1927
001928.png,1928
001929.png,1929
001930.png,1930
001931.png,1931
001932.png,1932
001933.png,1933
001934.png,1934
001935.png,1935
001936.png,1936
001937.png,1937
001938.png,1938
001939.png,1939
001940.png,1940
001941.png,1941
001942.png,1942
001943.png,1943
001944.png,1944
001945.png,1945
001946.png,1946
001947.png,1947
001948.png,1948
001949.png,1949
001950.png,1950
001951.png,1951
001952.png,1952
001953.png,1953
001954.png,1954
001955.png,1955
001956.png,1956
001957.png,1957
001958.png,1958
001959.png,1959
001960.png,1960
001961.png,1961
001962.png,1962
001963.png,1963
001964.png,1964
001965.png,1965
001966.png,1966
001967.png,1967
001968.png,1968
001969.png,1969
001970.png,1970
001971.png,1971
001972.png,1972
001973.png,1973
001974.png,1974
001975.png,1975
001976.png,1976
001977.png,1977
001978.png,1978
001979.png,1979
001980.png,1980
001981.png,1981
001982.png,1982
001983.png,1983
001984.png,1984
001985.png,1985
001986.png,1986
001987.png,1987
001988.png,1988
001989.png,1989
001990.png,1990
001991.png,1991
001992.png,1992
001993.png,1993
001994.png,1994
001995.png,1995
001996.png,1996
001997.png,1997
001998.png,1998
001999.png,1999
002000.png,2000
002001.png,2001
002002.png,2002
002003.png,2003
002004.png,2004
002005.png,2005
002006.png,2006
002007.png,2007
002008.png,2008
002009.png,2009
002010.png,2010
002011.png,2011
002012.png,2012
002013.png,2013
002014.png,2014
002015.png,2015
002016.png,2016
002017.png,2017
002018.png,2018
002019.png,2019
002020.png,2020
002021.png,2021
002022.png,2022
002023.png,2023
002024.png,2024
002025.png,2025
002026.png,2026
002027.png,2027
002028.png,2028
002029.png,2029
002030.png,2030
002031.png,2031
002032.png,2032
002033.png,2033
002034.png,2034
002035.png,2035
002036.png,2036
002037.png,2037
002038.png,2038
002039.png,2039
002040.png,2040
002041.png,2041
002042.png,2042
002043.png,2043
002044.png,2044
002045.png,2045
002046.png,2046
002047.png,2047
002048.png,2048
002049.png,2049
002050.png,2050
002051.png,2051
002052.png,2052
002053.png,2053
002054.png,2054
002055.png,2055
002056.png,2056
002057.png,2057
002058.png,2058
002059.png,2059
002060.png,2060
002061.png,2061
002062.png,2062
002063.png,2063
002064.png,2064
002065.png,2065
002066.png,2066
002067.png,2067
002068.png,2068
002069.png,2069
002070.png,2070
002071.png,2071
002072.png,2072
002073.png,2073
002074.png,2074
002075.png,2075
002076.png,2076
002077.png,2077
002078.png,2078
002079.png,2079
002080.png,2080
002081.png,2081
002082.png,2082
002083.png,2083
002084.png,2084
002085.png,2085
002086.png,2086
002087.png,2087
002088.png,2088
002089.png,2089
002090.png,2090
002091.png,2091
002092.png,2092
002093.png,2093
002094.png,2094
002095.png,2095
002096.png,2096
002097.png,2097
002098.png,2098
002099.png,2099
002100.png,2100
002101.png,2101
002102.png,2102
002103.png,2103
002104.png,2104
002105.png,2105
002106.png,2106
002107.png,2107
002108.png,2108
002109.png,2109
002110.png,2110
002111.png,2111
002112.png,2112
002113.png,2113
002114.png,2114
002115.png,2115
002116.png,2116
002117.png,2117
002118.png,2118
002119.png,2119
002120.png,2120
002121.png,2121
002122.png,2122
002123.png,2123
002124.png,2124
002125.png,2125
002126.png,2126
002127.png,2127
002128.png,2128
002129.png,2129
002130.png,2130
002131.png,2131
002132.png,2132
002133.png,2133
002134.png,2134
002135.png,2135
002136.png,2136
002137.png,2137
002138.png,2138
002139.png,2139
002140.png,2140
002141.png,2141
002142.png,2142
002143.png,2143
002144.png,2144
002145.png,2145
002146.png,2146
002147.png,2147
002148.png,2148
002149.png,2149
002150.png,2150
002151.png,2151
002152.png,2152
002153.png,2153
002154.png,2154
002155.png,2155
002156.png,2156
002157.png,2157
002158.png,2158
002159.png,2159
002160.png,2160
002161.png,2161
002162.png,2162
002163.png,2163
002164.png,2164
002165.png,2165
002166.png,2166
002167.png,2167
002168.png,2168
002169.png,2169
002170.png,2170
002171.png,2171
002172.png,2172
002173.png,2173
002174.png,2174
002175.png,2175
002176.png,2176
002177.png,2177
002178.png,2178
002179.png,2179
002180.png,2180
002181.png,2181
002182.png,2182
002183.png,2183
002184.png,2184
002185.png,2185
002186.png,2186
002187.png,2187
002188.png,2188
002189.png,2189
002190.png,2190
002191.png,2191
002192.png,2192
002193.png,2193
002194.png,2194
002195.png,2195
002196.png,2196
002197.png,2197
002198.png,2198
002199.png,2199
002200.png,2200
002201.png,2201
002202.png,2202
002203.png,2203
002204.png,2204
002205.png,2205
002206.png,2206
002207.png,2207
002208.png,2208
002209.png,2209
002210.png,2210
002211.png,2211
002212.png,2212
002213.png,2213
002214.png,2214
002215.png,2215
002216.png,2216
002217.png,2217
002218.png,2218
002219.png,2219
002220.png,2220
002221.png,2221
002222.png,2222
002223.png,2223
002224.png,2224
002225.png,2225
002226.png,2226
002227.png,2227
002228.png,2228
002229.png,2229
002230.png,2230
002231.png,2231
002232.png,2232
002233.png,2233
002234.png,2234
002235.png,2235
002236.png,2236
002237.png,2237
002238.png,2238
002239.png,2239
002240.png,2240
002241.png,2241
002242.png,2242
002243.png,2243
002244.png,2244
002245.png,2245
002246.png,2246
002247.png,2247
002248.png,2248
002249.png,2249
002250.png,2250
002251.png,2251
002252.png,2252
002253.png,2253
002254.png,2254
002255.png,2255
002256.png,2256
002257.png,2257
002258.png,2258
002259.png,2259
002260.png,2260
002261.png,2261
002262.png,2262
002263.png,2263
002264.png,2264
002265.png,2265
002266.png,2266
002267.png,2267
002268.png,2268
002269.png,2269
002270.png,2270
002271.png,2271
002272.png,2272
002273.png,2273
002274.png,2274
002275.png,2275
002276.png,2276
002277.png,2277
002278.png,2278
002279.png,2279
002280.png,2280
002281.png,2281
002282.png,2282
002283.png,2283
002284.png,2284
002285.png,2285
002286.png,2286
002287.png,2287
002288.png,2288
002289.png,2289
002290.png,2290
002291.png,2291
002292.png,2292
002293.png,2293
002294.png,2294
002295.png,2295
002296.png,2296
002297.png,2297
002298.png,2298
002299.png,2299
002300.png,2300
002301.png,2301
002302.png,2302
002303.png,2303
002304.png,2304
002305.png,2305
002306.png,2306
002307.png,2307
002308.png,2308
002309.png,2309
002310.png,2310
002311.png,2311
002312.png,2312
002313.png,2313
002314.png,2314
002315.png,2315
002316.png,2316
002317.png,2317
002318.png,2318
002319.png,2319
002320.png,2320
002321.png,2321
002322.png,2322
002323.png,2323
002324.png,2324
002325.png,2325
002326.png,2326
002327.png,2327
002328.png,2328
002329.png,2329
002330.png,2330
002331.png,2331
002332.png,2332
002333.png,2333
002334.png,2334
002335.png,2335
002336.png,2336
002337.png,2337
002338.png,2338
002339.png,2339
002340.png,2340
002341.png,2341
002342.png,2342
002343.png,2343
002344.png,2344
002345.png,2345
002346.png,2346
002347.png,2347
002348.png,2348
002349.png,2349
002350.png,2350
002351.png,2351
002352.png,2352
002353.png,2353
002354.png,2354
002355.png,2355
002356.png,2356
002357.png,2357
002358.png,2358
002359.png,2359
002360.png,2360
002361.png,2361
002362.png,2362
002363.png,2363
002364.png,2364
002365.png,2365
002366.png,2366
002367.png,2367
002368.png,2368
002369.png,2369
002370.png,2370
002371.png,2371
002372.png,2372
002373.png,2373
002374.png,2374
002375.png,2375
002376.png,2376
002377.png,2377
002378.png,2378
002379.png,2379
002380.png,2380
002381.png,2381
002382.png,2382
002383.png,2383
002384.png,2384
002385.png,2385
002386.png,2386
002387.png,2387
002388.png,2388
002389.png,2389
002390.png,2390
002391.png,2391
002392.png,2392
002393.png,2393
002394.png,2394
002395.png,2395
002396.png,2396
002397.png,2397
002398.png,2398
002399.png,2399
002400.png,2400
002401.png,2401
002402.png,2402
002403.png,2403
002404.png,2404
002405.png,2405
002406.png,2406
002407.png,2407
002408.png,2408
002409.png,2409
002410.png,2410
002411.png,2411
002412.png,2412
002413.png,2413
002414.png,2414
002415.png,2415
002416.png,2416
002417.png,2417
002418.png,2418
002419.png,2419
002420.png,2420
002421.png,2421
002422.png,2422
002423.png,2423
002424.png,2424
002425.png,2425
002426.png,2426
002427.png,2427
002428.png,2428
002429.png,2429
002430.png,2430
002431.png,2431
002432.png,2432
002433.png,2433
002434.png,2434
002435.png,2435
002436.png,2436
002437.png,2437
002438.png,2438
002439.png,2439
002440.png,2440
002441.png,2441
002442.png,2442
002443.png,2443
002444.png,2444
002445.png,2445
002446.png,2446
002447.png,2447
002448.png,2448
002449.png,2449
002450.png,2450
002451.png,2451
002452.png,2452
002453.png,2453
002454.png,2454
002455.png,2455
002456.png,2456
002457.png,2457
002458.png,2458
002459.png,2459
002460.png,2460
002461.png,2461
002462.png,2462
002463.png,2463
002464.png,2464
002465.png,2465
002466.png,2466
002467.png,2467
002468.png,2468
002469.png,2469
002470.png,2470
002471.png,2471
002472.png,2472
002473.png,2473
002474.png,2474
002475.png,2475
002476.png,2476
002477.png,2477
002478.png,2478
002479.png,2479
002480.png,2480
002481.png,2481
002482.png,2482
002483.png,2483
002484.png,2484
002485.png,2485
002486.png,2486
002487.png,2487
002488.png,2488
002489.png,2489
002490.png,2490
002491.png,2491
002492.png,2492
002493.png,2493
002494.png,2494
002495.png,2495
002496.png,2496
002497.png,2497
002498.png,2498
002499.png,2499
002500.png,2500
002501.png,2501
002502.png,2502
002503.png,2503
002504.png,2504
002505.png,2505
002506.png,2506
002507.png,2507
002508.png,2508
002509.png,2509
002510.png,2510
002511.png,2511
002512.png,2512
002513.png,2513
002514.png,2514
002515.png,2515
002516.png,2516
002517.png,2517
002518.png,2518
002519.png,2519
002520.png,2520
002521.png,2521
002522.png,2522
002523.png,2523
002524.png,2524
002525.png,2525
002526.png,2526
002527.png,2527
002528.png,2528
002529.png,2529
002530.png,2530
002531.png,2531
002532.png,2532
002533.png,2533
002534.png,2534
002535.png,2535
002536.png,2536
002537.png,2537
002538.png,2538
002539.png,2539
002540.png,2540
002541.png,2541
002542.png,2542
002543.png,2543
002544.png,2544
002545.png,2545
002546.png,2546
002547.png,2547
002548.png,2548
002549.png,2549
002550.png,2550
002551.png,2551
002552.png,2552
002553.png,2553
002554.png,2554
002555.png,2555
002556.png,2556
002557.png,2557
002558.png,2558
002559.png,2559
002560.png,2560
002561.png,2561
002562.png,2562
002563.png,2563
002564.png,2564
002565.png,2565
002566.png,2566
002567.png,2567
002568.png,2568
002569.png,2569
002570.png,2570
002571.png,2571
002572.png,2572
002573.png,2573
002574.png,2574
002575.png,2575
002576.png,2576
002577.png,2577
002578.png,2578
002579.png,2579
002580.png,2580
002581.png,2581
002582.png,2582
002583.png,2583
002584.png,2584
002585.png,2585
002586.png,2586
002587.png,2587
002588.png,2588
002589.png,2589
002590.png,2590
002591.png,2591
002592.png,2592
002593.png,2593
002594.png,2594
002595.png,2595
002596.png,2596
002597.png,2597
002598.png,2598
002599.png,2599
002600.png,2600
002601.png,2601
002602.png,2602
002603.png,2603
002604.png,2604
002605.png,2605
002606.png,2606
002607.png,2607
002608.png,2608
002609.png,2609
002610.png,2610
002611.png,2611
002612.png,2612
002613.png,2613
002614.png,2614
002615.png,2615
002616.png,2616
002617.png,2617
002618.png,2618
002619.png,2619
002620.png,2620
002621.png,2621
002622.png,2622
002623.png,2623
002624.png,2624
002625.png,2625
002626.png,2626
002627.png,2627
002628.png,2628
002629.png,2629
002630.png,2630
002631.png,2631
002632.png,2632
002633.png,2633
002634.png,2634
002635.png,2635
002636.png,2636
002637.png,2637
002638.png,2638
002639.png,2639
002640.png,2640
002641.png,2641
002642.png,2642
002643.png,2643
002644.png,2644
002645.png,2645
002646.png,2646
002647.png,2647
002648.png,2648
002649.png,2649
002650.png,2650
002651.png,2651
002652.png,2652
002653.png,2653
002654.png,2654
002655.png,2655
002656.png,2656
002657.png,2657
002658.png,2658
002659.png,2659
002660.png,2660
002661.png,2661
002662.png,2662
002663.png,2663
002664.png,2664
002665.png,2665
002666.png,2666
002667.png,2667
002668.png,2668
002669.png,2669
002670.png,2670
002671.png,2671
002672.png,2672
002673.png,2673
002674.png,2674
002675.png,2675
002676.png,2676
002677.png,2677
002678.png,2678
002679.png,2679
002680.png,2680
002681.png,2681
002682.png,2682
002683.png,2683
002684.png,2684
002685.png,2685
002686.png,2686
002687.png,2687
002688.png,2688
002689.png,2689
002690.png,2690
002691.png,2691
002692.png,2692
002693.png,2693
002694.png,2694
002695.png,2695
002696.png,2696
002697.png,2697
002698.png,2698
002699.png,2699
002700.png,2700
002701.png,2701
002702.png,2702
002703.png,2703
002704.png,2704
002705.png,2705
002706.png,2706
002707.png,2707
002708.png,2708
002709.png,2709
002710.png,2710
002711.png,2711
002712.png,2712
002713.png,2713
002714.png,2714
002715.png,2715
002716.png,2716
002717.png,2717
002718.png,2718
002719.png,2719
002720.png,2720
002721.png,2721
002722.png,2722
002723.png,2723
002724.png,2724
002725.png,2725
002726.png,2726
002727.png,2727
002728.png,2728
002729.png,2729
002730.png,2730
002731.png,2731
002732.png,2732
002733.png,2733
002734.png,2734
002735.png,2735
002736.png,2736
002737.png,2737
002738.png,2738
002739.png,2739
002740.png,2740
002741.png,2741
002742.png,2742
002743.png,2743
002744.png,2744
002745.png,2745
002746.png,2746
002747.png,2747
002748.png,2748
002749.png,2749
002750.png,2750
002751.png,2751
002752.png,2752
002753.png,2753
002754.png,2754
002755.png,2755
002756.png,2756
002757.png,2757
002758.png,2758
002759.png,2759
002760.png,2760
002761.png,2761
002762.png,2762
002763.png,2763
002764.png,2764
002765.png,2765
002766.png,2766
002767.png,2767
002768.png,2768
002769.png,2769
002770.png,2770
002771.png,2771
002772.png,2772
002773.png,2773
002774.png,2774
002775.png,2775
002776.png,2776
002777.png,2777
002778.png,2778
002779.png,2779
002780.png,2780
002781.png,2781
002782.png,2782
002783.png,2783
002784.png,2784
002785.png,2785
002786.png,2786
002787.png,2787
002788.png,2788
002789.png,2789
002790.png,2790
002791.png,2791
002792.png,2792
002793.png,2793
002794.png,2794
002795.png,2795
002796.png,2796
002797.png,2797
002798.png,2798
002799.png,2799
002800.png,2800
002801.png,2801
002802.png,2802
002803.png,2803
002804.png,2804
002805.png,2805
002806.png,2806
002807.png,2807
002808.png,2808
002809.png,2809
002810.png,2810
002811.png,2811
002812.png,2812
002813.png,2813
002814.png,2814
002815.png,2815
002816.png,2816
002817.png,2817
002818.png,2818
002819.png,2819
002820.png,2820
002821.png,2821
002822.png,2822
002823.png,2823
002824.png,2824
002825.png,2825
002826.png,2826
002827.png,2827
002828.png,2828
002829.png,2829
002830.png,2830
002831.png,2831
002832.png,2832
002833.png,2833
002834.png,2834
002835.png,2835
002836.png,2836
002837.png,2837
002838.png,2838
002839.png,2839
002840.png,2840
002841.png,2841
002842.png,2842
002843.png,2843
002844.png,2844
002845.png,2845
002846.png,2846
002847.png,2847
002848.png,2848
002849.png,2849
002850.png,2850
002851.png,2851
002852.png,2852
002853.png,2853
002854.png,2854
002855.png,2855
002856.png,2856
002857.png,2857
002858.png,2858
002859.png,2859
002860.png,2860
002861.png,2861
002862.png,2862
002863.png,2863
002864.png,2864
002865.png,2865
002866.png,2866
002867.png,2867
002868.png,2868
002869.png,2869
002870.png,2870
002871.png,2871
002872.png,2872
002873.png,2873
002874.png,2874
002875.png,2875
002876.png,2876
002877.png,2877
002878.png,2878
002879.png,2879
002880.png,2880
002881.png,2881
002882.png,2882
002883.png,2883
002884.png,2884
002885.png,2885
002886.png,2886
002887.png,2887
002888.png,2888
002889.png,2889
002890.png,2890
002891.png,2891
002892.png,2892
002893.png,2893
002894.png,2894
002895.png,2895
002896.png,2896
002897.png,2897
002898.png,2898
002899.png,2899
002900.png,2900
002901.png,2901
002902.png,2902
002903.png,2903
002904.png,2904
002905.png,2905
002906.png,2906
002907.png,2907
002908.png,2908
002909.png,2909
002910.png,2910
002911.png,2911
002912.png,2912
002913.png,2913
002914.png,2914
002915.png,2915
002916.png,2916
002917.png,2917
002918.png,2918
002919.png,2919
002920.png,2920
002921.png,2921
002922.png,2922
002923.png,2923
002924.png,2924
002925.png,2925
002926.png,2926
002927.png,2927
002928.png,2928
002929.png,2929
002930.png,2930
002931.png,2931
002932.png,2932
002933.png,2933
002934.png,2934
002935.png,2935
002936.png,2936
002937.png,2937
002938.png,2938
002939.png,2939
002940.png,2940
002941.png,2941
002942.png,2942
002943.png,2943
002944.png,2944
002945.png,2945
002946.png,2946
002947.png,2947
002948.png,2948
002949.png,2949
002950.png,2950
002951.png,2951
002952.png,2952
002953.png,2953
002954.png,2954
002955.png,2955
002956.png,2956
002957.png,2957
002958.png,2958
002959.png,2959
002960.png,2960
002961.png,2961
002962.png,2962
002963.png,2963
002964.png,2964
002965.png,2965
002966.png,2966
002967.png,2967
002968.png,2968
002969.png,2969
002970.png,2970
002971.png,2971
002972.png,2972
002973.png,2973
002974.png,2974
002975.png,2975
002976.png,2976
002977.png,2977
002978.png,2978
002979.png,2979
002980.png,2980
002981.png,2981
002982.png,2982
002983.png,2983
002984.png,2984
002985.png,2985
002986.png,2986
002987.png,2987
002988.png,2988
002989.png,2989
002990.png,2990
002991.png,2991
002992.png,2992
002993.png,2993
002994.png,2994
002995.png,2995
002996.png,2996
002997.png,2997
002998.png,2998
002999.png,2999
003000.png,3000
003001.png,3001
003002.png,3002
003003.png,3003
003004.png,3004
003005.png,3005
003006.png,3006
003007.png,3007
003008.png,3008
003009.png,3009
003010.png,3010
003011.png,3011
003012.png,3012
003013.png,3013
003014.png,3014
003015.png,3015
003016.png,3016
003017.png,3017
003018.png,3018
003019.png,3019
003020.png,3020
003021.png,3021
003022.png,3022
003023.png,3023
003024.png,3024
003025.png,3025
003026.png,3026
003027.png,3027
003028.png,3028
003029.png,3029
003030.png,3030
003031.png,3031
003032.png,3032
003033.png,3033
003034.png,3034
003035.png,3035
003036.png,3036
003037.png,3037
003038.png,3038
003039.png,3039
003040.png,3040
003041.png,3041
003042.png,3042
003043.png,3043
003044.png,3044
003045.png,3045
003046.png,3046
003047.png,3047
003048.png,3048
003049.png,3049
003050.png,3050
003051.png,3051
003052.png,3052
003053.png,3053
003054.png,3054
003055.png,3055
003056.png,3056
003057.png,3057
003058.png,3058
003059.png,3059
003060.png,3060
003061.png,3061
003062.png,3062
003063.png,3063
003064.png,3064
003065.png,3065
003066.png,3066
003067.png,3067
003068.png,3068
003069.png,3069
003070.png,3070
003071.png,3071
003072.png,3072
003073.png,3073
003074.png,3074
003075.png,3075
003076.png,3076
003077.png,3077
003078.png,3078
003079.png,3079
003080.png,3080
003081.png,3081
003082.png,3082
003083.png,3083
003084.png,3084
003085.png,3085
003086.png,3086
003087.png,3087
003088.png,3088
003089.png,3089
003090.png,3090
003091.png,3091
003092.png,3092
003093.png,3093
003094.png,3094
003095.png,3095
003096.png,3096
003097.png,3097
003098.png,3098
003099.png,3099
003100.png,3100
003101.png,3101
003102.png,3102
003103.png,3103
003104.png,3104
003105.png,3105
003106.png,3106
003107.png,3107
003108.png,3108
003109.png,3109
003110.png,3110
003111.png,3111
003112.png,3112
003113.png,3113
003114.png,3114
003115.png,3115
003116.png,3116
003117.png,3117
003118.png,3118
003119.png,3119
003120.png,3120
003121.png,3121
003122.png,3122
003123.png,3123
003124.png,3124
003125.png,3125
003126.png,3126
003127.png,3127
003128.png,3128
003129.png,3129
003130.png,3130
003131.png,3131
003132.png,3132
003133.png,3133
003134.png,3134
003135.png,3135
003136.png,3136
003137.png,3137
003138.png,3138
003139.png,3139
003140.png,3140
003141.png,3141
003142.png,3142
003143.png,3143
003144.png,3144
003145.png,3145
003146.png,3146
003147.png,3147
003148.png,3148
003149.png,3149
003150.png,3150
003151.png,3151
003152.png,3152
003153.png,3153
003154.png,3154
003155.png,3155
003156.png,3156
003157.png,3157
003158.png,3158
003159.png,3159
003160.png,3160
003161.png,3161
003162.png,3162
003163.png,3163
003164.png,3164
003165.png,3165
003166.png,3166
003167.png,3167
003168.png,3168
003169.png,3169
003170.png,3170
003171.png,3171
003172.png,3172
003173.png,3173
003174.png,3174
003175.png,3175
003176.png,3176
003177.png,3177
003178.png,3178
003179.png,3179
003180.png,3180
003181.png,3181
003182.png,3182
003183.png,3183
003184.png,3184
003185.png,3185
003186.png,3186
003187.png,3187
003188.png,3188
003189.png,3189
003190.png,3190
003191.png,3191
003192.png,3192
003193.png,3193
003194.png,3194
003195.png,3195
003196.png,3196
003197.png,3197
003198.png,3198
003199.png,3199
003200.png,3200
003201.png,3201
003202.png,3202
003203.png,3203
003204.png,3204
003205.png,3205
003206.png,3206
003207.png,3207
003208.png,3208
003209.png,3209
003210.png,3210
003211.png,3211
003212.png,3212
003213.png,3213
003214.png,3214
003215.png,3215
003216.png,3216
003217.png,3217
003218.png,3218
003219.png,3219
003220.png,3220
003221.png,3221
003222.png,3222
003223.png,3223
003224.png,3224
003225.png,3225
003226.png,3226
003227.png,3227
003228.png,3228
003229.png,3229
003230.png,3230
003231.png,3231
003232.png,3232
003233.png,3233
003234.png,3234
003235.png,3235
003236.png,3236
003237.png,3237
003238.png,3238
003239.png,3239
003240.png,3240
003241.png,3241
003242.png,3242
003243.png,3243
003244.png,3244
003245.png,3245
003246.png,3246
003247.png,3247
003248.png,3248
003249.png,3249
003250.png,3250
003251.png,3251
003252.png,3252
003253.png,3253
003254.png,3254
003255.png,3255
003256.png,3256
003257.png,3257
003258.png,3258
003259.png,3259
003260.png,3260
003261.png,3261
003262.png,3262
003263.png,3263
003264.png,3264
003265.png,3265
003266.png,3266
003267.png,3267
003268.png,3268
003269.png,3269
003270.png,3270
003271.png,3271
003272.png,3272
003273.png,3273
003274.png,3274
003275.png,3275
003276.png,3276
003277.png,3277
003278.png,3278
003279.png,3279
003280.png,3280
003281.png,3281
003282.png,3282
003283.png,3283
003284.png,3284
003285.png,3285
003286.png,3286
003287.png,3287
003288.png,3288
003289.png,3289
003290.png,3290
003291.png,3291
003292.png,3292
003293.png,3293
003294.png,3294
003295.png,3295
003296.png,3296
003297.png,3297
003298.png,3298
003299.png,3299
003300.png,3300
003301.png,3301
003302.png,3302
003303.png,3303
003304.png,3304
003305.png,3305
003306.png,3306
003307.png,3307
003308.png,3308
003309.png,3309
003310.png,3310
003311.png,3311
003312.png,3312
003313.png,3313
003314.png,3314
003315.png,3315
003316.png,3316
003317.png,3317
003318.png,3318
003319.png,3319
003320.png,3320
003321.png,3321
003322.png,3322
003323.png,3323
003324.png,3324
003325.png,3325
003326.png,3326
003327.png,3327
003328.png,3328
003329.png,3329
003330.png,3330
003331.png,3331
003332.png,3332
003333.png,3333
003334.png,3334
003335.png,3335
003336.png,3336
003337.png,3337
003338.png,3338
003339.png,3339
003340.png,3340
003341.png,3341
003342.png,3342
003343.png,3343
003344.png,3344
003345.png,3345
003346.png,3346
003347.png,3347
003348.png,3348
003349.png,3349
003350.png,3350
003351.png,3351
003352.png,3352
003353.png,3353
003354.png,3354
003355.png,3355
003356.png,3356
003357.png,3357
003358.png,3358
003359.png,3359
003360.png,3360
003361.png,3361
003362.png,3362
003363.png,3363
003364.png,3364
003365.png,3365
003366.png,3366
003367.png,3367
003368.png,3368
